<?xml version="1.0" encoding="UTF-8"?>
<project-private xmlns="http://www.netbeans.org/ns/project-private/1">
    <editor-bookmarks xmlns="http://www.netbeans.org/ns/editor-bookmarks/2" lastBookmarkId="0"/>
    <open-files xmlns="http://www.netbeans.org/ns/projectui-open-files/2">
        <group>
            <file>file:/C:/Users/john%20howell/OneDrive/Documents/NetBeansProjects/CARBONILLA_FINAL_COMPUTER_SHOP/src/computer_shop/frame2.java</file>
            <file>file:/C:/Users/john%20howell/OneDrive/Documents/NetBeansProjects/CARBONILLA_FINAL_COMPUTER_SHOP/src/computer_shop/frame4.java</file>
            <file>file:/C:/Users/john%20howell/OneDrive/Documents/NetBeansProjects/CARBONILLA_FINAL_COMPUTER_SHOP/src/computer_shop/frame3.java</file>
            <file>file:/C:/Users/john%20howell/OneDrive/Documents/NetBeansProjects/CARBONILLA_FINAL_COMPUTER_SHOP/src/computer_shop/final_casestudy.java</file>
        </group>
    </open-files>
</project-private>
